Image_ID,True_Label,Fake_Votes,Real_Votes,Total_Votes,Fake_Pct,Disagreement
317,Fake,18,18,36,50.0,1.0
588,Fake,18,18,36,50.0,1.0
270,Fake,18,18,36,50.0,1.0
65,Fake,18,18,36,50.0,1.0
121,Fake,18,18,36,50.0,1.0
509,Fake,18,18,36,50.0,1.0
501,Fake,18,18,36,50.0,1.0
192,Fake,18,18,36,50.0,1.0
221,Fake,17,17,34,50.0,1.0
472,Fake,17,18,35,48.6,0.971
186,Fake,18,17,35,51.4,0.971
498,Fake,18,17,35,51.4,0.971
363,Fake,18,17,35,51.4,0.971
418,Fake,18,17,35,51.4,0.971
129,Fake,18,17,35,51.4,0.971
5,Fake,17,19,36,47.2,0.944
576,Fake,19,17,36,52.8,0.944
448,Fake,17,19,36,47.2,0.944
527,Fake,19,17,36,52.8,0.944
109,Fake,17,19,36,47.2,0.944
471,Fake,17,19,36,47.2,0.944
138,Fake,19,17,36,52.8,0.944
120,Fake,19,17,36,52.8,0.944
515,Fake,17,19,36,47.2,0.944
34,Fake,19,17,36,52.8,0.944
552,Fake,17,19,36,47.2,0.944
53,Fake,19,17,36,52.8,0.944
417,Fake,17,19,36,47.2,0.944
411,Fake,19,17,36,52.8,0.944
259,Fake,17,19,36,47.2,0.944
98,Fake,19,17,36,52.8,0.944
28,Fake,17,19,36,47.2,0.944
128,Fake,19,17,36,52.8,0.944
80,Fake,19,17,36,52.8,0.944
413,Fake,19,17,36,52.8,0.944
196,Fake,16,19,35,45.7,0.914
476,Fake,19,16,35,54.3,0.914
1167,Real,19,16,35,54.3,0.914
157,Fake,19,16,35,54.3,0.914
30,Fake,16,20,36,44.4,0.889
316,Fake,20,16,36,55.6,0.889
83,Fake,16,20,36,44.4,0.889
313,Fake,16,20,36,44.4,0.889
7,Fake,16,20,36,44.4,0.889
409,Fake,20,16,36,55.6,0.889
554,Fake,20,16,36,55.6,0.889
266,Fake,16,20,36,44.4,0.889
54,Fake,16,20,36,44.4,0.889
566,Fake,20,16,36,55.6,0.889
122,Fake,16,20,36,44.4,0.889
495,Fake,20,16,36,55.6,0.889
300,Fake,16,20,36,44.4,0.889
149,Fake,16,20,36,44.4,0.889
220,Fake,20,16,36,55.6,0.889
473,Fake,16,20,36,44.4,0.889
88,Fake,16,20,36,44.4,0.889
134,Fake,16,20,36,44.4,0.889
487,Fake,20,16,36,55.6,0.889
593,Fake,20,16,36,55.6,0.889
160,Fake,19,15,34,55.9,0.882
223,Fake,15,19,34,44.1,0.882
596,Fake,20,15,35,57.1,0.857
507,Fake,20,15,35,57.1,0.857
108,Fake,15,20,35,42.9,0.857
22,Fake,15,20,35,42.9,0.857
350,Fake,15,20,35,42.9,0.857
291,Fake,15,20,35,42.9,0.857
341,Fake,20,15,35,57.1,0.857
87,Fake,15,20,35,42.9,0.857
168,Fake,14,19,33,42.4,0.848
581,Fake,21,15,36,58.3,0.833
99,Fake,15,21,36,41.7,0.833
371,Fake,15,21,36,41.7,0.833
281,Fake,21,15,36,58.3,0.833
1097,Real,15,21,36,41.7,0.833
492,Fake,21,15,36,58.3,0.833
369,Fake,21,15,36,58.3,0.833
100,Fake,21,15,36,58.3,0.833
422,Fake,15,21,36,41.7,0.833
398,Fake,15,21,36,41.7,0.833
562,Fake,15,21,36,41.7,0.833
478,Fake,15,21,36,41.7,0.833
123,Fake,21,15,36,58.3,0.833
480,Fake,21,15,36,58.3,0.833
461,Fake,14,20,34,41.2,0.824
177,Fake,14,20,34,41.2,0.824
11,Fake,13,19,32,40.6,0.812
70,Fake,15,22,37,40.5,0.811
305,Fake,21,14,35,60.0,0.8
31,Fake,21,14,35,60.0,0.8
301,Fake,14,21,35,40.0,0.8
491,Fake,14,21,35,40.0,0.8
489,Fake,21,14,35,60.0,0.8
52,Fake,14,21,35,40.0,0.8
240,Fake,14,21,35,40.0,0.8
233,Fake,14,21,35,40.0,0.8
261,Fake,21,14,35,60.0,0.8
219,Fake,20,13,33,60.6,0.788
269,Fake,22,14,36,61.1,0.778
400,Fake,14,22,36,38.9,0.778
560,Fake,22,14,36,61.1,0.778
238,Fake,22,14,36,61.1,0.778
465,Fake,14,22,36,38.9,0.778
96,Fake,14,22,36,38.9,0.778
548,Fake,22,14,36,61.1,0.778
522,Fake,14,22,36,38.9,0.778
528,Fake,14,22,36,38.9,0.778
481,Fake,22,14,36,61.1,0.778
167,Fake,14,22,36,38.9,0.778
536,Fake,22,14,36,61.1,0.778
139,Fake,14,22,36,38.9,0.778
512,Fake,22,14,36,61.1,0.778
591,Fake,14,22,36,38.9,0.778
214,Fake,12,19,31,38.7,0.774
161,Fake,22,13,35,62.9,0.743
20,Fake,13,22,35,37.1,0.743
156,Fake,22,13,35,62.9,0.743
155,Fake,13,22,35,37.1,0.743
90,Fake,22,13,35,62.9,0.743
583,Fake,13,22,35,37.1,0.743
332,Fake,22,13,35,62.9,0.743
549,Fake,22,13,35,62.9,0.743
496,Fake,13,22,35,37.1,0.743
15,Fake,13,23,36,36.1,0.722
532,Fake,13,23,36,36.1,0.722
232,Fake,13,23,36,36.1,0.722
68,Fake,13,23,36,36.1,0.722
304,Fake,13,23,36,36.1,0.722
43,Fake,23,13,36,63.9,0.722
565,Fake,13,23,36,36.1,0.722
556,Fake,13,23,36,36.1,0.722
392,Fake,23,13,36,63.9,0.722
85,Fake,23,13,36,63.9,0.722
126,Fake,23,13,36,63.9,0.722
589,Fake,23,13,36,63.9,0.722
595,Fake,23,13,36,63.9,0.722
12,Fake,23,13,36,63.9,0.722
169,Fake,12,22,34,35.3,0.706
377,Fake,12,22,34,35.3,0.706
333,Fake,22,12,34,64.7,0.706
1175,Real,12,22,34,35.3,0.706
594,Fake,23,12,35,65.7,0.686
45,Fake,23,12,35,65.7,0.686
255,Fake,12,23,35,34.3,0.686
59,Fake,12,23,35,34.3,0.686
32,Fake,12,23,35,34.3,0.686
234,Fake,23,12,35,65.7,0.686
97,Fake,23,12,35,65.7,0.686
175,Fake,12,23,35,34.3,0.686
572,Fake,12,23,35,34.3,0.686
171,Fake,12,23,35,34.3,0.686
95,Fake,12,24,36,33.3,0.667
538,Fake,12,24,36,33.3,0.667
456,Fake,12,24,36,33.3,0.667
217,Fake,24,12,36,66.7,0.667
92,Fake,11,22,33,33.3,0.667
484,Fake,24,12,36,66.7,0.667
181,Fake,12,24,36,33.3,0.667
500,Fake,12,24,36,33.3,0.667
152,Fake,12,24,36,33.3,0.667
505,Fake,12,24,36,33.3,0.667
110,Fake,20,10,30,66.7,0.667
180,Fake,24,12,36,66.7,0.667
151,Fake,12,24,36,33.3,0.667
103,Fake,12,24,36,33.3,0.667
298,Fake,24,12,36,66.7,0.667
117,Fake,12,24,36,33.3,0.667
150,Fake,12,24,36,33.3,0.667
66,Fake,24,12,36,66.7,0.667
551,Fake,24,12,36,66.7,0.667
579,Fake,24,12,36,66.7,0.667
264,Fake,12,24,36,33.3,0.667
279,Fake,24,12,36,66.7,0.667
4,Fake,24,12,36,66.7,0.667
189,Fake,23,11,34,67.6,0.647
74,Fake,23,11,34,67.6,0.647
479,Fake,24,11,35,68.6,0.629
154,Fake,11,24,35,31.4,0.629
179,Fake,11,24,35,31.4,0.629
79,Fake,11,24,35,31.4,0.629
462,Fake,24,11,35,68.6,0.629
206,Fake,11,24,35,31.4,0.629
210,Fake,11,24,35,31.4,0.629
494,Fake,10,22,32,31.2,0.625
367,Fake,25,11,36,69.4,0.611
401,Fake,11,25,36,30.6,0.611
207,Fake,11,25,36,30.6,0.611
432,Fake,11,25,36,30.6,0.611
539,Fake,11,25,36,30.6,0.611
190,Fake,11,25,36,30.6,0.611
506,Fake,11,25,36,30.6,0.611
107,Fake,11,25,36,30.6,0.611
127,Fake,25,11,36,69.4,0.611
124,Fake,10,24,34,29.4,0.588
252,Fake,10,24,34,29.4,0.588
403,Fake,24,10,34,70.6,0.588
440,Fake,25,10,35,71.4,0.571
550,Fake,10,25,35,28.6,0.571
136,Fake,25,10,35,71.4,0.571
163,Fake,10,25,35,28.6,0.571
1,Fake,10,25,35,28.6,0.571
334,Fake,25,10,35,71.4,0.571
55,Fake,25,10,35,71.4,0.571
50,Fake,10,25,35,28.6,0.571
1160,Real,9,23,32,28.1,0.562
574,Fake,26,10,36,72.2,0.556
349,Fake,26,10,36,72.2,0.556
292,Fake,10,26,36,27.8,0.556
36,Fake,26,10,36,72.2,0.556
557,Fake,10,26,36,27.8,0.556
405,Fake,10,26,36,27.8,0.556
260,Fake,10,26,36,27.8,0.556
228,Fake,26,10,36,72.2,0.556
284,Fake,10,26,36,27.8,0.556
272,Fake,10,26,36,27.8,0.556
250,Fake,10,26,36,27.8,0.556
246,Fake,10,26,36,27.8,0.556
166,Fake,10,26,36,27.8,0.556
236,Fake,10,26,36,27.8,0.556
406,Fake,26,10,36,72.2,0.556
526,Fake,10,26,36,27.8,0.556
174,Fake,10,26,36,27.8,0.556
454,Fake,26,10,36,72.2,0.556
229,Fake,10,26,36,27.8,0.556
227,Fake,10,26,36,27.8,0.556
531,Fake,26,10,36,72.2,0.556
112,Fake,26,10,36,72.2,0.556
131,Fake,26,10,36,72.2,0.556
143,Fake,24,9,33,72.7,0.545
508,Fake,9,24,33,27.3,0.545
3,Fake,25,9,34,73.5,0.529
488,Fake,26,9,35,74.3,0.514
329,Fake,26,9,35,74.3,0.514
10,Fake,9,26,35,25.7,0.514
13,Fake,27,9,36,75.0,0.5
592,Fake,9,27,36,25.0,0.5
280,Fake,9,27,36,25.0,0.5
318,Fake,9,27,36,25.0,0.5
410,Fake,9,27,36,25.0,0.5
458,Fake,27,9,36,75.0,0.5
178,Fake,9,27,36,25.0,0.5
182,Fake,9,27,36,25.0,0.5
540,Fake,27,9,36,75.0,0.5
203,Fake,9,27,36,25.0,0.5
564,Fake,27,9,36,75.0,0.5
64,Fake,9,27,36,25.0,0.5
38,Fake,8,24,32,25.0,0.5
521,Fake,27,9,36,75.0,0.5
116,Fake,27,9,36,75.0,0.5
497,Fake,8,24,32,25.0,0.5
130,Fake,9,27,36,25.0,0.5
16,Fake,9,27,36,25.0,0.5
37,Fake,27,9,36,75.0,0.5
389,Fake,9,27,36,25.0,0.5
72,Fake,9,28,37,24.3,0.486
75,Fake,8,26,34,23.5,0.471
769,Real,8,26,34,23.5,0.471
76,Fake,26,8,34,76.5,0.471
404,Fake,26,8,34,76.5,0.471
314,Fake,27,8,35,77.1,0.457
378,Fake,8,27,35,22.9,0.457
372,Fake,8,27,35,22.9,0.457
315,Fake,8,27,35,22.9,0.457
320,Fake,8,27,35,22.9,0.457
268,Fake,8,27,35,22.9,0.457
533,Fake,8,27,35,22.9,0.457
485,Fake,8,27,35,22.9,0.457
482,Fake,27,8,35,77.1,0.457
209,Fake,8,27,35,22.9,0.457
222,Fake,8,27,35,22.9,0.457
93,Fake,8,27,35,22.9,0.457
364,Fake,28,8,36,77.8,0.444
688,Real,8,28,36,22.2,0.444
101,Fake,28,8,36,77.8,0.444
376,Fake,8,28,36,22.2,0.444
247,Fake,28,8,36,77.8,0.444
29,Fake,28,8,36,77.8,0.444
445,Fake,8,28,36,22.2,0.444
421,Fake,28,8,36,77.8,0.444
212,Fake,8,28,36,22.2,0.444
541,Fake,28,8,36,77.8,0.444
84,Fake,28,8,36,77.8,0.444
226,Fake,8,28,36,22.2,0.444
466,Fake,8,28,36,22.2,0.444
443,Fake,28,8,36,77.8,0.444
390,Fake,28,8,36,77.8,0.444
383,Fake,8,28,36,22.2,0.444
582,Fake,26,7,33,78.8,0.424
245,Fake,7,27,34,20.6,0.412
412,Fake,7,27,34,20.6,0.412
141,Fake,27,7,34,79.4,0.412
297,Fake,7,28,35,20.0,0.4
307,Fake,28,7,35,80.0,0.4
1069,Real,7,28,35,20.0,0.4
535,Fake,28,7,35,80.0,0.4
191,Fake,7,28,35,20.0,0.4
474,Fake,28,7,35,80.0,0.4
561,Fake,28,7,35,80.0,0.4
60,Fake,7,28,35,20.0,0.4
354,Fake,7,28,35,20.0,0.4
311,Fake,7,29,36,19.4,0.389
205,Fake,29,7,36,80.6,0.389
425,Fake,7,29,36,19.4,0.389
204,Fake,7,29,36,19.4,0.389
523,Fake,29,7,36,80.6,0.389
516,Fake,7,29,36,19.4,0.389
105,Fake,29,7,36,80.6,0.389
230,Fake,7,29,36,19.4,0.389
394,Fake,7,29,36,19.4,0.389
577,Fake,29,7,36,80.6,0.389
46,Fake,29,7,36,80.6,0.389
585,Fake,7,29,36,19.4,0.389
77,Fake,6,27,33,18.2,0.364
216,Fake,6,28,34,17.6,0.353
544,Fake,28,6,34,82.4,0.353
114,Fake,6,28,34,17.6,0.353
67,Fake,6,28,34,17.6,0.353
547,Fake,29,6,35,82.9,0.343
813,Real,6,29,35,17.1,0.343
339,Fake,6,29,35,17.1,0.343
391,Fake,29,6,35,82.9,0.343
82,Fake,6,29,35,17.1,0.343
193,Fake,6,29,35,17.1,0.343
242,Fake,29,6,35,82.9,0.343
573,Fake,30,6,36,83.3,0.333
249,Fake,6,30,36,16.7,0.333
254,Fake,30,6,36,83.3,0.333
258,Fake,6,30,36,16.7,0.333
590,Fake,30,6,36,83.3,0.333
568,Fake,30,6,36,83.3,0.333
357,Fake,6,30,36,16.7,0.333
290,Fake,6,30,36,16.7,0.333
91,Fake,6,30,36,16.7,0.333
86,Fake,30,6,36,83.3,0.333
94,Fake,6,30,36,16.7,0.333
559,Fake,30,6,36,83.3,0.333
283,Fake,30,6,36,83.3,0.333
832,Real,6,30,36,16.7,0.333
716,Real,6,30,36,16.7,0.333
201,Fake,6,30,36,16.7,0.333
519,Fake,30,6,36,83.3,0.333
243,Fake,30,6,36,83.3,0.333
162,Fake,6,30,36,16.7,0.333
158,Fake,6,30,36,16.7,0.333
262,Fake,6,30,36,16.7,0.333
62,Fake,6,30,36,16.7,0.333
543,Fake,30,6,36,83.3,0.333
153,Fake,30,6,36,83.3,0.333
460,Fake,6,30,36,16.7,0.333
213,Fake,30,6,36,83.3,0.333
57,Fake,26,5,31,83.9,0.323
578,Fake,29,5,34,85.3,0.294
140,Fake,5,29,34,14.7,0.294
187,Fake,5,29,34,14.7,0.294
176,Fake,30,5,35,85.7,0.286
244,Fake,5,30,35,14.3,0.286
323,Fake,30,5,35,85.7,0.286
183,Fake,5,30,35,14.3,0.286
469,Fake,5,30,35,14.3,0.286
428,Fake,5,30,35,14.3,0.286
580,Fake,30,5,35,85.7,0.286
287,Fake,5,30,35,14.3,0.286
571,Fake,5,30,35,14.3,0.286
450,Fake,5,31,36,13.9,0.278
6,Fake,31,5,36,86.1,0.278
208,Fake,5,31,36,13.9,0.278
451,Fake,31,5,36,86.1,0.278
361,Fake,5,31,36,13.9,0.278
61,Fake,31,5,36,86.1,0.278
542,Fake,31,5,36,86.1,0.278
81,Fake,5,31,36,13.9,0.278
545,Fake,5,31,36,13.9,0.278
558,Fake,31,5,36,86.1,0.278
33,Fake,31,5,36,86.1,0.278
753,Real,5,31,36,13.9,0.278
774,Real,5,31,36,13.9,0.278
795,Real,5,31,36,13.9,0.278
18,Fake,31,5,36,86.1,0.278
340,Fake,31,5,36,86.1,0.278
962,Real,5,31,36,13.9,0.278
224,Fake,5,31,36,13.9,0.278
525,Fake,5,31,36,13.9,0.278
441,Fake,31,5,36,86.1,0.278
452,Fake,31,5,36,86.1,0.278
502,Fake,5,31,36,13.9,0.278
197,Fake,5,31,36,13.9,0.278
457,Fake,5,31,36,13.9,0.278
459,Fake,5,31,36,13.9,0.278
198,Fake,5,31,36,13.9,0.278
483,Fake,31,5,36,86.1,0.278
265,Fake,5,31,36,13.9,0.278
375,Fake,5,31,36,13.9,0.278
172,Fake,4,30,34,11.8,0.235
1162,Real,4,30,34,11.8,0.235
170,Fake,30,4,34,88.2,0.235
200,Fake,4,31,35,11.4,0.229
381,Fake,4,31,35,11.4,0.229
159,Fake,4,31,35,11.4,0.229
511,Fake,4,31,35,11.4,0.229
430,Fake,4,31,35,11.4,0.229
475,Fake,4,31,35,11.4,0.229
310,Fake,4,31,35,11.4,0.229
598,Fake,31,4,35,88.6,0.229
725,Real,4,31,35,11.4,0.229
718,Real,4,31,35,11.4,0.229
271,Fake,4,31,35,11.4,0.229
251,Fake,31,4,35,88.6,0.229
199,Fake,4,31,35,11.4,0.229
2,Fake,4,31,35,11.4,0.229
225,Fake,4,31,35,11.4,0.229
463,Fake,4,31,35,11.4,0.229
510,Fake,4,32,36,11.1,0.222
546,Fake,32,4,36,88.9,0.222
374,Fake,4,32,36,11.1,0.222
399,Fake,4,32,36,11.1,0.222
407,Fake,4,32,36,11.1,0.222
69,Fake,32,4,36,88.9,0.222
253,Fake,4,32,36,11.1,0.222
111,Fake,32,4,36,88.9,0.222
257,Fake,4,32,36,11.1,0.222
386,Fake,4,32,36,11.1,0.222
759,Real,4,32,36,11.1,0.222
277,Fake,4,32,36,11.1,0.222
654,Real,4,32,36,11.1,0.222
976,Real,4,32,36,11.1,0.222
326,Fake,32,4,36,88.9,0.222
308,Fake,4,32,36,11.1,0.222
1159,Real,4,32,36,11.1,0.222
296,Fake,4,32,36,11.1,0.222
306,Fake,4,32,36,11.1,0.222
348,Fake,32,4,36,88.9,0.222
353,Fake,4,32,36,11.1,0.222
17,Fake,4,32,36,11.1,0.222
362,Fake,4,32,36,11.1,0.222
370,Fake,4,32,36,11.1,0.222
285,Fake,4,32,36,11.1,0.222
358,Fake,32,4,36,88.9,0.222
587,Fake,4,32,36,11.1,0.222
586,Fake,32,4,36,88.9,0.222
584,Fake,4,32,36,11.1,0.222
195,Fake,4,32,36,11.1,0.222
468,Fake,4,32,36,11.1,0.222
218,Fake,4,32,36,11.1,0.222
438,Fake,4,32,36,11.1,0.222
503,Fake,4,32,36,11.1,0.222
148,Fake,32,4,36,88.9,0.222
146,Fake,32,4,36,88.9,0.222
490,Fake,4,32,36,11.1,0.222
215,Fake,4,32,36,11.1,0.222
14,Fake,4,32,36,11.1,0.222
384,Fake,4,32,36,11.1,0.222
379,Fake,4,32,36,11.1,0.222
388,Fake,4,32,36,11.1,0.222
1146,Real,3,26,29,10.3,0.207
1141,Real,3,27,30,10.0,0.2
1142,Real,3,27,30,10.0,0.2
1148,Real,3,29,32,9.4,0.188
1156,Real,3,29,32,9.4,0.188
518,Fake,29,3,32,90.6,0.188
89,Fake,3,30,33,9.1,0.182
1173,Real,3,30,33,9.1,0.182
1151,Real,3,30,33,9.1,0.182
1169,Real,3,30,33,9.1,0.182
1158,Real,3,31,34,8.8,0.176
750,Real,3,31,34,8.8,0.176
1149,Real,3,31,34,8.8,0.176
1152,Real,3,31,34,8.8,0.176
1137,Real,3,31,34,8.8,0.176
1143,Real,3,31,34,8.8,0.176
125,Fake,3,31,34,8.8,0.176
132,Fake,3,31,34,8.8,0.176
9,Fake,3,31,34,8.8,0.176
309,Fake,32,3,35,91.4,0.171
24,Fake,32,3,35,91.4,0.171
185,Fake,3,32,35,8.6,0.171
493,Fake,32,3,35,91.4,0.171
338,Fake,32,3,35,91.4,0.171
336,Fake,3,32,35,8.6,0.171
328,Fake,32,3,35,91.4,0.171
211,Fake,3,32,35,8.6,0.171
184,Fake,3,32,35,8.6,0.171
239,Fake,32,3,35,91.4,0.171
241,Fake,3,32,35,8.6,0.171
414,Fake,32,3,35,91.4,0.171
256,Fake,3,32,35,8.6,0.171
276,Fake,32,3,35,91.4,0.171
275,Fake,3,32,35,8.6,0.171
351,Fake,32,3,35,91.4,0.171
278,Fake,3,32,35,8.6,0.171
720,Real,3,32,35,8.6,0.171
721,Real,3,32,35,8.6,0.171
1195,Real,3,32,35,8.6,0.171
597,Fake,32,3,35,91.4,0.171
1145,Real,3,32,35,8.6,0.171
137,Fake,3,33,36,8.3,0.167
335,Fake,3,33,36,8.3,0.167
173,Fake,3,33,36,8.3,0.167
202,Fake,3,33,36,8.3,0.167
325,Fake,33,3,36,91.7,0.167
165,Fake,3,33,36,8.3,0.167
455,Fake,3,33,36,8.3,0.167
436,Fake,3,33,36,8.3,0.167
194,Fake,3,33,36,8.3,0.167
235,Fake,3,33,36,8.3,0.167
555,Fake,33,3,36,91.7,0.167
553,Fake,33,3,36,91.7,0.167
78,Fake,3,33,36,8.3,0.167
373,Fake,3,33,36,8.3,0.167
530,Fake,33,3,36,91.7,0.167
289,Fake,3,33,36,8.3,0.167
990,Real,3,33,36,8.3,0.167
885,Real,3,33,36,8.3,0.167
876,Real,3,33,36,8.3,0.167
56,Fake,3,33,36,8.3,0.167
575,Fake,33,3,36,91.7,0.167
397,Fake,3,33,36,8.3,0.167
248,Fake,3,33,36,8.3,0.167
71,Fake,33,3,36,91.7,0.167
365,Fake,3,33,36,8.3,0.167
1043,Real,3,33,36,8.3,0.167
393,Fake,3,33,36,8.3,0.167
273,Fake,3,33,36,8.3,0.167
537,Fake,33,3,36,91.7,0.167
115,Fake,33,3,36,91.7,0.167
380,Fake,33,3,36,91.7,0.167
263,Fake,3,33,36,8.3,0.167
145,Fake,3,33,36,8.3,0.167
1110,Real,3,33,36,8.3,0.167
1105,Real,3,33,36,8.3,0.167
442,Fake,3,33,36,8.3,0.167
437,Fake,3,33,36,8.3,0.167
321,Fake,3,33,36,8.3,0.167
319,Fake,3,33,36,8.3,0.167
302,Fake,33,3,36,91.7,0.167
807,Real,3,33,36,8.3,0.167
811,Real,3,33,36,8.3,0.167
41,Fake,33,3,36,91.7,0.167
342,Fake,33,3,36,91.7,0.167
758,Real,3,33,36,8.3,0.167
743,Real,3,33,36,8.3,0.167
748,Real,3,33,36,8.3,0.167
742,Real,3,33,36,8.3,0.167
757,Real,3,33,36,8.3,0.167
665,Real,3,33,36,8.3,0.167
1176,Real,3,33,36,8.3,0.167
8,Fake,3,33,36,8.3,0.167
722,Real,3,33,36,8.3,0.167
706,Real,3,33,36,8.3,0.167
641,Real,3,33,36,8.3,0.167
702,Real,3,33,36,8.3,0.167
734,Real,3,33,36,8.3,0.167
119,Fake,33,3,36,91.7,0.167
810,Real,3,33,36,8.3,0.167
1150,Real,2,28,30,6.7,0.133
327,Fake,2,30,32,6.2,0.125
1172,Real,2,30,32,6.2,0.125
715,Real,2,30,32,6.2,0.125
499,Fake,2,30,32,6.2,0.125
741,Real,2,31,33,6.1,0.121
1200,Real,2,31,33,6.1,0.121
1140,Real,2,31,33,6.1,0.121
1168,Real,2,31,33,6.1,0.121
1183,Real,2,32,34,5.9,0.118
1117,Real,2,32,34,5.9,0.118
426,Fake,2,32,34,5.9,0.118
1199,Real,2,32,34,5.9,0.118
745,Real,2,32,34,5.9,0.118
402,Fake,2,32,34,5.9,0.118
42,Fake,32,2,34,94.1,0.118
1192,Real,2,32,34,5.9,0.118
637,Real,2,33,35,5.7,0.114
754,Real,2,33,35,5.7,0.114
732,Real,2,33,35,5.7,0.114
767,Real,2,33,35,5.7,0.114
766,Real,2,33,35,5.7,0.114
709,Real,2,33,35,5.7,0.114
1178,Real,2,33,35,5.7,0.114
678,Real,2,33,35,5.7,0.114
1070,Real,2,33,35,5.7,0.114
534,Fake,2,33,35,5.7,0.114
1075,Real,2,33,35,5.7,0.114
1073,Real,2,33,35,5.7,0.114
1102,Real,2,33,35,5.7,0.114
1136,Real,2,33,35,5.7,0.114
434,Fake,2,33,35,5.7,0.114
1109,Real,2,33,35,5.7,0.114
424,Fake,2,33,35,5.7,0.114
133,Fake,33,2,35,94.3,0.114
322,Fake,33,2,35,94.3,0.114
164,Fake,2,33,35,5.7,0.114
439,Fake,2,33,35,5.7,0.114
288,Fake,33,2,35,94.3,0.114
44,Fake,2,33,35,5.7,0.114
599,Fake,33,2,35,94.3,0.114
514,Fake,33,2,35,94.3,0.114
835,Real,2,33,35,5.7,0.114
1068,Real,2,33,35,5.7,0.114
1053,Real,2,33,35,5.7,0.114
102,Fake,33,2,35,94.3,0.114
118,Fake,33,2,35,94.3,0.114
1095,Real,2,34,36,5.6,0.111
420,Fake,2,34,36,5.6,0.111
447,Fake,2,34,36,5.6,0.111
1120,Real,2,34,36,5.6,0.111
416,Fake,2,34,36,5.6,0.111
1088,Real,2,34,36,5.6,0.111
415,Fake,2,34,36,5.6,0.111
433,Fake,2,34,36,5.6,0.111
429,Fake,34,2,36,94.4,0.111
427,Fake,2,34,36,5.6,0.111
446,Fake,2,34,36,5.6,0.111
435,Fake,2,34,36,5.6,0.111
1119,Real,2,34,36,5.6,0.111
871,Real,2,34,36,5.6,0.111
396,Fake,2,34,36,5.6,0.111
513,Fake,34,2,36,94.4,0.111
1065,Real,2,34,36,5.6,0.111
1086,Real,2,34,36,5.6,0.111
1049,Real,2,34,36,5.6,0.111
1047,Real,2,34,36,5.6,0.111
385,Fake,2,34,36,5.6,0.111
267,Fake,34,2,36,94.4,0.111
1060,Real,2,34,36,5.6,0.111
570,Fake,2,34,36,5.6,0.111
569,Fake,34,2,36,94.4,0.111
878,Real,2,34,36,5.6,0.111
900,Real,2,34,36,5.6,0.111
987,Real,2,34,36,5.6,0.111
936,Real,2,34,36,5.6,0.111
286,Fake,2,34,36,5.6,0.111
977,Real,2,34,36,5.6,0.111
837,Real,2,34,36,5.6,0.111
853,Real,2,34,36,5.6,0.111
563,Fake,34,2,36,94.4,0.111
49,Fake,2,34,36,5.6,0.111
603,Real,2,34,36,5.6,0.111
600,Fake,34,2,36,94.4,0.111
739,Real,2,34,36,5.6,0.111
756,Real,2,34,36,5.6,0.111
797,Real,2,34,36,5.6,0.111
366,Fake,2,34,36,5.6,0.111
816,Real,2,34,36,5.6,0.111
822,Real,2,34,36,5.6,0.111
815,Real,2,34,36,5.6,0.111
785,Real,2,34,36,5.6,0.111
755,Real,2,34,36,5.6,0.111
347,Fake,34,2,36,94.4,0.111
751,Real,2,34,36,5.6,0.111
752,Real,2,34,36,5.6,0.111
749,Real,2,34,36,5.6,0.111
632,Real,2,34,36,5.6,0.111
705,Real,2,34,36,5.6,0.111
724,Real,2,34,36,5.6,0.111
733,Real,2,34,36,5.6,0.111
703,Real,2,34,36,5.6,0.111
719,Real,2,34,36,5.6,0.111
713,Real,2,34,36,5.6,0.111
711,Real,2,34,36,5.6,0.111
704,Real,2,34,36,5.6,0.111
21,Fake,2,34,36,5.6,0.111
19,Fake,34,2,36,94.4,0.111
27,Fake,2,34,36,5.6,0.111
1188,Real,2,34,36,5.6,0.111
73,Fake,2,35,37,5.4,0.108
602,Real,1,30,31,3.2,0.065
1139,Real,1,30,31,3.2,0.065
1157,Real,1,32,33,3.0,0.061
144,Fake,32,1,33,97.0,0.061
1153,Real,1,32,33,3.0,0.061
1155,Real,1,32,33,3.0,0.061
1198,Real,1,33,34,2.9,0.059
1196,Real,1,33,34,2.9,0.059
1189,Real,1,33,34,2.9,0.059
1161,Real,1,33,34,2.9,0.059
926,Real,1,33,34,2.9,0.059
1071,Real,1,33,34,2.9,0.059
1094,Real,1,33,34,2.9,0.059
1165,Real,1,33,34,2.9,0.059
848,Real,1,33,34,2.9,0.059
1147,Real,1,33,34,2.9,0.059
1186,Real,1,33,34,2.9,0.059
345,Fake,34,1,35,97.1,0.057
1092,Real,1,34,35,2.9,0.057
1154,Real,1,34,35,2.9,0.057
909,Real,1,34,35,2.9,0.057
644,Real,1,34,35,2.9,0.057
845,Real,1,34,35,2.9,0.057
851,Real,1,34,35,2.9,0.057
359,Fake,34,1,35,97.1,0.057
890,Real,1,34,35,2.9,0.057
395,Fake,1,34,35,2.9,0.057
728,Real,1,34,35,2.9,0.057
729,Real,1,34,35,2.9,0.057
1023,Real,1,34,35,2.9,0.057
1052,Real,1,34,35,2.9,0.057
352,Fake,34,1,35,97.1,0.057
356,Fake,34,1,35,97.1,0.057
944,Real,1,34,35,2.9,0.057
1054,Real,1,34,35,2.9,0.057
831,Real,1,34,35,2.9,0.057
850,Real,1,34,35,2.9,0.057
740,Real,1,34,35,2.9,0.057
1106,Real,1,34,35,2.9,0.057
1184,Real,1,34,35,2.9,0.057
147,Fake,34,1,35,97.1,0.057
524,Fake,34,1,35,97.1,0.057
1187,Real,1,34,35,2.9,0.057
1171,Real,1,34,35,2.9,0.057
1170,Real,1,34,35,2.9,0.057
819,Real,1,34,35,2.9,0.057
368,Fake,1,34,35,2.9,0.057
299,Fake,34,1,35,97.1,0.057
827,Real,1,34,35,2.9,0.057
858,Real,1,34,35,2.9,0.057
839,Real,1,34,35,2.9,0.057
1099,Real,1,35,36,2.8,0.056
231,Fake,35,1,36,97.2,0.056
504,Fake,1,35,36,2.8,0.056
419,Fake,1,35,36,2.8,0.056
680,Real,1,35,36,2.8,0.056
682,Real,1,35,36,2.8,0.056
142,Fake,35,1,36,97.2,0.056
135,Fake,1,35,36,2.8,0.056
1128,Real,1,35,36,2.8,0.056
1107,Real,1,35,36,2.8,0.056
1090,Real,1,35,36,2.8,0.056
1118,Real,1,35,36,2.8,0.056
1089,Real,1,35,36,2.8,0.056
1108,Real,1,35,36,2.8,0.056
423,Fake,1,35,36,2.8,0.056
1135,Real,1,35,36,2.8,0.056
662,Real,1,35,36,2.8,0.056
330,Fake,35,1,36,97.2,0.056
1197,Real,1,35,36,2.8,0.056
337,Fake,35,1,36,97.2,0.056
639,Real,1,35,36,2.8,0.056
638,Real,1,35,36,2.8,0.056
652,Real,1,35,36,2.8,0.056
1085,Real,1,35,36,2.8,0.056
1084,Real,1,35,36,2.8,0.056
1079,Real,1,35,36,2.8,0.056
1077,Real,1,35,36,2.8,0.056
669,Real,1,35,36,2.8,0.056
701,Real,1,35,36,2.8,0.056
699,Real,1,35,36,2.8,0.056
1101,Real,1,35,36,2.8,0.056
643,Real,1,35,36,2.8,0.056
707,Real,1,35,36,2.8,0.056
731,Real,1,35,36,2.8,0.056
1021,Real,1,35,36,2.8,0.056
1012,Real,1,35,36,2.8,0.056
1013,Real,1,35,36,2.8,0.056
520,Fake,1,35,36,2.8,0.056
1062,Real,1,35,36,2.8,0.056
714,Real,1,35,36,2.8,0.056
708,Real,1,35,36,2.8,0.056
717,Real,1,35,36,2.8,0.056
387,Fake,1,35,36,2.8,0.056
1029,Real,1,35,36,2.8,0.056
1030,Real,1,35,36,2.8,0.056
237,Fake,35,1,36,97.2,0.056
106,Fake,35,1,36,97.2,0.056
1035,Real,1,35,36,2.8,0.056
274,Fake,35,1,36,97.2,0.056
1024,Real,1,35,36,2.8,0.056
1026,Real,1,35,36,2.8,0.056
1028,Real,1,35,36,2.8,0.056
650,Real,1,35,36,2.8,0.056
1064,Real,1,35,36,2.8,0.056
1055,Real,1,35,36,2.8,0.056
737,Real,1,35,36,2.8,0.056
346,Fake,35,1,36,97.2,0.056
893,Real,1,35,36,2.8,0.056
777,Real,1,35,36,2.8,0.056
922,Real,1,35,36,2.8,0.056
917,Real,1,35,36,2.8,0.056
919,Real,1,35,36,2.8,0.056
921,Real,1,35,36,2.8,0.056
911,Real,1,35,36,2.8,0.056
955,Real,1,35,36,2.8,0.056
912,Real,1,35,36,2.8,0.056
941,Real,1,35,36,2.8,0.056
635,Real,1,35,36,2.8,0.056
608,Real,1,35,36,2.8,0.056
949,Real,1,35,36,2.8,0.056
953,Real,1,35,36,2.8,0.056
647,Real,1,35,36,2.8,0.056
986,Real,1,35,36,2.8,0.056
1005,Real,1,35,36,2.8,0.056
649,Real,1,35,36,2.8,0.056
645,Real,1,35,36,2.8,0.056
971,Real,1,35,36,2.8,0.056
967,Real,1,35,36,2.8,0.056
960,Real,1,35,36,2.8,0.056
646,Real,1,35,36,2.8,0.056
1032,Real,1,35,36,2.8,0.056
873,Real,1,35,36,2.8,0.056
567,Fake,35,1,36,97.2,0.056
360,Fake,35,1,36,97.2,0.056
899,Real,1,35,36,2.8,0.056
880,Real,1,35,36,2.8,0.056
626,Real,1,35,36,2.8,0.056
830,Real,1,35,36,2.8,0.056
786,Real,1,35,36,2.8,0.056
783,Real,1,35,36,2.8,0.056
860,Real,1,35,36,2.8,0.056
855,Real,1,35,36,2.8,0.056
859,Real,1,35,36,2.8,0.056
51,Fake,35,1,36,97.2,0.056
852,Real,1,35,36,2.8,0.056
47,Fake,35,1,36,97.2,0.056
601,Real,1,35,36,2.8,0.056
886,Real,1,35,36,2.8,0.056
883,Real,1,35,36,2.8,0.056
891,Real,1,35,36,2.8,0.056
892,Real,1,35,36,2.8,0.056
771,Real,1,35,36,2.8,0.056
842,Real,1,35,36,2.8,0.056
295,Fake,35,1,36,97.2,0.056
294,Fake,35,1,36,97.2,0.056
35,Fake,1,35,36,2.8,0.056
40,Fake,35,1,36,97.2,0.056
612,Real,1,35,36,2.8,0.056
838,Real,1,35,36,2.8,0.056
844,Real,1,35,36,2.8,0.056
611,Real,1,35,36,2.8,0.056
833,Real,1,35,36,2.8,0.056
467,Fake,35,1,36,97.2,0.056
1194,Real,1,35,36,2.8,0.056
449,Fake,1,35,36,2.8,0.056
303,Fake,35,1,36,97.2,0.056
1193,Real,1,35,36,2.8,0.056
464,Fake,1,35,36,2.8,0.056
25,Fake,1,35,36,2.8,0.056
312,Fake,36,0,36,100.0,0.0
1181,Real,0,34,34,0.0,0.0
1180,Real,0,36,36,0.0,0.0
1179,Real,0,35,35,0.0,0.0
1177,Real,0,34,34,0.0,0.0
1174,Real,0,36,36,0.0,0.0
26,Fake,0,36,36,0.0,0.0
1185,Real,0,35,35,0.0,0.0
453,Fake,36,0,36,100.0,0.0
188,Fake,0,36,36,0.0,0.0
324,Fake,35,0,35,100.0,0.0
1138,Real,0,36,36,0.0,0.0
293,Fake,35,0,35,100.0,0.0
804,Real,0,36,36,0.0,0.0
477,Fake,36,0,36,100.0,0.0
486,Fake,36,0,36,100.0,0.0
657,Real,0,36,36,0.0,0.0
658,Real,0,36,36,0.0,0.0
659,Real,0,36,36,0.0,0.0
660,Real,0,35,35,0.0,0.0
661,Real,0,36,36,0.0,0.0
663,Real,0,36,36,0.0,0.0
664,Real,0,33,33,0.0,0.0
666,Real,0,36,36,0.0,0.0
667,Real,0,35,35,0.0,0.0
668,Real,0,36,36,0.0,0.0
636,Real,0,36,36,0.0,0.0
640,Real,0,36,36,0.0,0.0
1182,Real,0,36,36,0.0,0.0
1127,Real,0,35,35,0.0,0.0
829,Real,0,36,36,0.0,0.0
834,Real,0,36,36,0.0,0.0
836,Real,0,36,36,0.0,0.0
840,Real,0,36,36,0.0,0.0
841,Real,0,36,36,0.0,0.0
843,Real,0,36,36,0.0,0.0
812,Real,0,36,36,0.0,0.0
814,Real,0,36,36,0.0,0.0
817,Real,0,36,36,0.0,0.0
818,Real,0,36,36,0.0,0.0
820,Real,0,36,36,0.0,0.0
821,Real,0,35,35,0.0,0.0
823,Real,0,36,36,0.0,0.0
824,Real,0,36,36,0.0,0.0
825,Real,0,36,36,0.0,0.0
826,Real,0,36,36,0.0,0.0
857,Real,0,36,36,0.0,0.0
828,Real,0,36,36,0.0,0.0
805,Real,0,36,36,0.0,0.0
806,Real,0,36,36,0.0,0.0
808,Real,0,36,36,0.0,0.0
809,Real,0,36,36,0.0,0.0
778,Real,0,36,36,0.0,0.0
779,Real,0,35,35,0.0,0.0
780,Real,0,36,36,0.0,0.0
781,Real,0,36,36,0.0,0.0
782,Real,0,36,36,0.0,0.0
784,Real,0,36,36,0.0,0.0
787,Real,0,36,36,0.0,0.0
788,Real,0,35,35,0.0,0.0
789,Real,0,36,36,0.0,0.0
790,Real,0,36,36,0.0,0.0
866,Real,0,35,35,0.0,0.0
867,Real,0,36,36,0.0,0.0
868,Real,0,36,36,0.0,0.0
869,Real,0,36,36,0.0,0.0
870,Real,0,36,36,0.0,0.0
872,Real,0,36,36,0.0,0.0
874,Real,0,36,36,0.0,0.0
875,Real,0,36,36,0.0,0.0
846,Real,0,36,36,0.0,0.0
847,Real,0,36,36,0.0,0.0
849,Real,0,36,36,0.0,0.0
48,Fake,36,0,36,100.0,0.0
58,Fake,36,0,36,100.0,0.0
63,Fake,36,0,36,100.0,0.0
854,Real,0,36,36,0.0,0.0
856,Real,0,35,35,0.0,0.0
865,Real,0,36,36,0.0,0.0
791,Real,0,36,36,0.0,0.0
792,Real,0,36,36,0.0,0.0
793,Real,0,36,36,0.0,0.0
760,Real,0,36,36,0.0,0.0
761,Real,0,36,36,0.0,0.0
762,Real,0,36,36,0.0,0.0
763,Real,0,35,35,0.0,0.0
764,Real,0,36,36,0.0,0.0
765,Real,0,36,36,0.0,0.0
768,Real,0,35,35,0.0,0.0
770,Real,0,36,36,0.0,0.0
772,Real,0,36,36,0.0,0.0
773,Real,0,36,36,0.0,0.0
775,Real,0,35,35,0.0,0.0
776,Real,0,36,36,0.0,0.0
905,Real,0,36,36,0.0,0.0
906,Real,0,36,36,0.0,0.0
907,Real,0,35,35,0.0,0.0
908,Real,0,36,36,0.0,0.0
877,Real,0,35,35,0.0,0.0
879,Real,0,36,36,0.0,0.0
881,Real,0,36,36,0.0,0.0
882,Real,0,35,35,0.0,0.0
884,Real,0,36,36,0.0,0.0
887,Real,0,36,36,0.0,0.0
888,Real,0,35,35,0.0,0.0
889,Real,0,36,36,0.0,0.0
861,Real,0,36,36,0.0,0.0
862,Real,0,36,36,0.0,0.0
863,Real,0,36,36,0.0,0.0
864,Real,0,36,36,0.0,0.0
895,Real,0,36,36,0.0,0.0
896,Real,0,36,36,0.0,0.0
897,Real,0,36,36,0.0,0.0
898,Real,0,36,36,0.0,0.0
343,Fake,35,0,35,100.0,0.0
344,Fake,36,0,36,100.0,0.0
355,Fake,35,0,35,100.0,0.0
282,Fake,36,0,36,100.0,0.0
738,Real,0,35,35,0.0,0.0
627,Real,0,35,35,0.0,0.0
628,Real,0,36,36,0.0,0.0
629,Real,0,36,36,0.0,0.0
901,Real,0,36,36,0.0,0.0
902,Real,0,36,36,0.0,0.0
903,Real,0,36,36,0.0,0.0
904,Real,0,35,35,0.0,0.0
934,Real,0,35,35,0.0,0.0
935,Real,0,36,36,0.0,0.0
937,Real,0,35,35,0.0,0.0
938,Real,0,36,36,0.0,0.0
939,Real,0,36,36,0.0,0.0
940,Real,0,36,36,0.0,0.0
910,Real,0,35,35,0.0,0.0
913,Real,0,36,36,0.0,0.0
914,Real,0,36,36,0.0,0.0
915,Real,0,36,36,0.0,0.0
916,Real,0,36,36,0.0,0.0
918,Real,0,36,36,0.0,0.0
920,Real,0,36,36,0.0,0.0
923,Real,0,36,36,0.0,0.0
924,Real,0,36,36,0.0,0.0
894,Real,0,35,35,0.0,0.0
946,Real,0,34,34,0.0,0.0
947,Real,0,36,36,0.0,0.0
948,Real,0,36,36,0.0,0.0
950,Real,0,36,36,0.0,0.0
951,Real,0,35,35,0.0,0.0
952,Real,0,35,35,0.0,0.0
954,Real,0,35,35,0.0,0.0
956,Real,0,36,36,0.0,0.0
925,Real,0,36,36,0.0,0.0
927,Real,0,36,36,0.0,0.0
928,Real,0,35,35,0.0,0.0
929,Real,0,36,36,0.0,0.0
930,Real,0,36,36,0.0,0.0
931,Real,0,36,36,0.0,0.0
932,Real,0,36,36,0.0,0.0
933,Real,0,36,36,0.0,0.0
943,Real,0,35,35,0.0,0.0
945,Real,0,36,36,0.0,0.0
630,Real,0,36,36,0.0,0.0
631,Real,0,35,35,0.0,0.0
633,Real,0,36,36,0.0,0.0
634,Real,0,36,36,0.0,0.0
604,Real,0,36,36,0.0,0.0
605,Real,0,36,36,0.0,0.0
606,Real,0,35,35,0.0,0.0
607,Real,0,36,36,0.0,0.0
609,Real,0,36,36,0.0,0.0
744,Real,0,34,34,0.0,0.0
746,Real,0,34,34,0.0,0.0
747,Real,0,36,36,0.0,0.0
723,Real,0,36,36,0.0,0.0
726,Real,0,36,36,0.0,0.0
988,Real,0,36,36,0.0,0.0
989,Real,0,35,35,0.0,0.0
957,Real,0,36,36,0.0,0.0
958,Real,0,36,36,0.0,0.0
959,Real,0,36,36,0.0,0.0
961,Real,0,36,36,0.0,0.0
963,Real,0,36,36,0.0,0.0
964,Real,0,36,36,0.0,0.0
965,Real,0,36,36,0.0,0.0
966,Real,0,36,36,0.0,0.0
968,Real,0,34,34,0.0,0.0
969,Real,0,36,36,0.0,0.0
970,Real,0,36,36,0.0,0.0
972,Real,0,36,36,0.0,0.0
973,Real,0,36,36,0.0,0.0
942,Real,0,36,36,0.0,0.0
1000,Real,0,36,36,0.0,0.0
1001,Real,0,34,34,0.0,0.0
1002,Real,0,35,35,0.0,0.0
1003,Real,0,36,36,0.0,0.0
1004,Real,0,35,35,0.0,0.0
1006,Real,0,36,36,0.0,0.0
974,Real,0,36,36,0.0,0.0
975,Real,0,35,35,0.0,0.0
978,Real,0,36,36,0.0,0.0
979,Real,0,35,35,0.0,0.0
980,Real,0,35,35,0.0,0.0
981,Real,0,36,36,0.0,0.0
982,Real,0,36,36,0.0,0.0
983,Real,0,36,36,0.0,0.0
984,Real,0,36,36,0.0,0.0
985,Real,0,36,36,0.0,0.0
1022,Real,0,34,34,0.0,0.0
991,Real,0,36,36,0.0,0.0
992,Real,0,35,35,0.0,0.0
727,Real,0,36,36,0.0,0.0
730,Real,0,36,36,0.0,0.0
735,Real,0,36,36,0.0,0.0
736,Real,0,35,35,0.0,0.0
642,Real,0,36,36,0.0,0.0
648,Real,0,36,36,0.0,0.0
993,Real,0,36,36,0.0,0.0
994,Real,0,36,36,0.0,0.0
995,Real,0,35,35,0.0,0.0
996,Real,0,36,36,0.0,0.0
997,Real,0,35,35,0.0,0.0
998,Real,0,35,35,0.0,0.0
999,Real,0,36,36,0.0,0.0
1034,Real,0,36,36,0.0,0.0
1036,Real,0,36,36,0.0,0.0
1037,Real,0,36,36,0.0,0.0
1038,Real,0,35,35,0.0,0.0
1007,Real,0,35,35,0.0,0.0
1008,Real,0,35,35,0.0,0.0
1009,Real,0,36,36,0.0,0.0
1010,Real,0,36,36,0.0,0.0
1011,Real,0,36,36,0.0,0.0
1014,Real,0,36,36,0.0,0.0
1015,Real,0,36,36,0.0,0.0
1016,Real,0,36,36,0.0,0.0
1017,Real,0,36,36,0.0,0.0
1018,Real,0,36,36,0.0,0.0
1019,Real,0,35,35,0.0,0.0
1020,Real,0,36,36,0.0,0.0
382,Fake,0,35,35,0.0,0.0
651,Real,0,36,36,0.0,0.0
620,Real,0,36,36,0.0,0.0
621,Real,0,36,36,0.0,0.0
622,Real,0,35,35,0.0,0.0
623,Real,0,35,35,0.0,0.0
624,Real,0,36,36,0.0,0.0
625,Real,0,36,36,0.0,0.0
710,Real,0,36,36,0.0,0.0
712,Real,0,36,36,0.0,0.0
685,Real,0,36,36,0.0,0.0
686,Real,0,36,36,0.0,0.0
687,Real,0,36,36,0.0,0.0
104,Fake,36,0,36,100.0,0.0
1031,Real,0,36,36,0.0,0.0
1033,Real,0,36,36,0.0,0.0
1066,Real,0,35,35,0.0,0.0
1067,Real,0,34,34,0.0,0.0
1039,Real,0,36,36,0.0,0.0
1040,Real,0,35,35,0.0,0.0
1041,Real,0,36,36,0.0,0.0
1042,Real,0,36,36,0.0,0.0
1044,Real,0,36,36,0.0,0.0
113,Fake,36,0,36,100.0,0.0
517,Fake,36,0,36,100.0,0.0
1045,Real,0,36,36,0.0,0.0
1046,Real,0,36,36,0.0,0.0
1048,Real,0,35,35,0.0,0.0
1050,Real,0,36,36,0.0,0.0
1051,Real,0,36,36,0.0,0.0
1025,Real,0,35,35,0.0,0.0
1027,Real,0,36,36,0.0,0.0
670,Real,0,36,36,0.0,0.0
671,Real,0,35,35,0.0,0.0
1074,Real,0,36,36,0.0,0.0
1076,Real,0,36,36,0.0,0.0
1078,Real,0,36,36,0.0,0.0
1080,Real,0,36,36,0.0,0.0
1081,Real,0,36,36,0.0,0.0
1082,Real,0,36,36,0.0,0.0
1083,Real,0,36,36,0.0,0.0
1087,Real,0,36,36,0.0,0.0
1056,Real,0,36,36,0.0,0.0
1057,Real,0,36,36,0.0,0.0
1058,Real,0,36,36,0.0,0.0
1059,Real,0,36,36,0.0,0.0
1061,Real,0,36,36,0.0,0.0
1063,Real,0,36,36,0.0,0.0
1098,Real,0,35,35,0.0,0.0
1100,Real,0,36,36,0.0,0.0
1103,Real,0,35,35,0.0,0.0
1104,Real,0,36,36,0.0,0.0
1072,Real,0,36,36,0.0,0.0
689,Real,0,36,36,0.0,0.0
690,Real,0,36,36,0.0,0.0
691,Real,0,36,36,0.0,0.0
692,Real,0,36,36,0.0,0.0
693,Real,0,35,35,0.0,0.0
694,Real,0,35,35,0.0,0.0
695,Real,0,35,35,0.0,0.0
696,Real,0,36,36,0.0,0.0
697,Real,0,36,36,0.0,0.0
698,Real,0,36,36,0.0,0.0
700,Real,0,35,35,0.0,0.0
529,Fake,36,0,36,100.0,0.0
672,Real,0,36,36,0.0,0.0
673,Real,0,36,36,0.0,0.0
674,Real,0,36,36,0.0,0.0
675,Real,0,36,36,0.0,0.0
676,Real,0,36,36,0.0,0.0
677,Real,0,35,35,0.0,0.0
679,Real,0,36,36,0.0,0.0
681,Real,0,36,36,0.0,0.0
683,Real,0,36,36,0.0,0.0
684,Real,0,36,36,0.0,0.0
653,Real,0,35,35,0.0,0.0
655,Real,0,36,36,0.0,0.0
656,Real,0,36,36,0.0,0.0
408,Fake,0,36,36,0.0,0.0
1096,Real,0,35,35,0.0,0.0
1129,Real,0,34,34,0.0,0.0
1130,Real,0,35,35,0.0,0.0
1131,Real,0,36,36,0.0,0.0
1132,Real,0,35,35,0.0,0.0
1133,Real,0,36,36,0.0,0.0
1134,Real,0,34,34,0.0,0.0
431,Fake,0,35,35,0.0,0.0
444,Fake,36,0,36,100.0,0.0
1111,Real,0,36,36,0.0,0.0
1112,Real,0,36,36,0.0,0.0
1113,Real,0,36,36,0.0,0.0
1114,Real,0,36,36,0.0,0.0
1115,Real,0,36,36,0.0,0.0
1116,Real,0,35,35,0.0,0.0
1091,Real,0,36,36,0.0,0.0
1093,Real,0,36,36,0.0,0.0
803,Real,0,36,36,0.0,0.0
1190,Real,0,36,36,0.0,0.0
1163,Real,0,36,36,0.0,0.0
1164,Real,0,35,35,0.0,0.0
1191,Real,0,36,36,0.0,0.0
1166,Real,0,34,34,0.0,0.0
23,Fake,36,0,36,100.0,0.0
331,Fake,36,0,36,100.0,0.0
1144,Real,0,36,36,0.0,0.0
1121,Real,0,35,35,0.0,0.0
1122,Real,0,36,36,0.0,0.0
1123,Real,0,36,36,0.0,0.0
1124,Real,0,36,36,0.0,0.0
1125,Real,0,36,36,0.0,0.0
1126,Real,0,36,36,0.0,0.0
470,Fake,0,36,36,0.0,0.0
794,Real,0,36,36,0.0,0.0
796,Real,0,36,36,0.0,0.0
798,Real,0,36,36,0.0,0.0
799,Real,0,36,36,0.0,0.0
800,Real,0,36,36,0.0,0.0
610,Real,0,35,35,0.0,0.0
613,Real,0,36,36,0.0,0.0
614,Real,0,36,36,0.0,0.0
615,Real,0,36,36,0.0,0.0
616,Real,0,35,35,0.0,0.0
617,Real,0,36,36,0.0,0.0
618,Real,0,36,36,0.0,0.0
619,Real,0,36,36,0.0,0.0
39,Fake,0,36,36,0.0,0.0
801,Real,0,36,36,0.0,0.0
802,Real,0,36,36,0.0,0.0
